{
  "test/integration/opaTests.qunit.html": 1730203020643,
  "xs-app.json": 1730244218322,
  "test/integration/pages/SponsorsList.js": 1730203020647,
  "test/integration/opaTests.qunit.js": 1730203020643,
  "test/integration/FirstJourney.js": 1730203020647,
  "test/testsuite.qunit.js": 1730203020639,
  "test/integration/pages/SponsorsObjectPage.js": 1730203020647,
  "manifest.json": 1730243570308,
  "Component.js": 1730203020619,
  "test/integration/pages/SponsorsList-dbg.js": 1730203020647,
  "test/integration/pages/SponsorsList.js.map": 1730244227206,
  "test/integration/opaTests.qunit-dbg.js": 1730203020643,
  "test/integration/opaTests.qunit.js.map": 1730244227206,
  "test/integration/FirstJourney-dbg.js": 1730203020647,
  "test/integration/FirstJourney.js.map": 1730244227217,
  "test/testsuite.qunit-dbg.js": 1730203020639,
  "test/testsuite.qunit.js.map": 1730244227214,
  "test/integration/pages/SponsorsObjectPage-dbg.js": 1730203020647,
  "test/integration/pages/SponsorsObjectPage.js.map": 1730244227207,
  "Component-dbg.js": 1730203020619,
  "Component.js.map": 1730244227208,
  "Component-preload.js": 1730244227270,
  "Component-preload.js.map": 1730244227271,
  "i18n/i18n.properties": 1730203044055,
  "test/testsuite.qunit.html": 1730203020635,
  "test/flpSandbox.html": 1730203020635,
  "index.html": 1730203020619
}